{"cameraMode":{"drawMode":0,"name":"Shaded","section":"Shading Mode"},"sceneLighting":true,"audioPlay":false,"sceneViewState":{"showFog":true,"showMaterialUpdate":false,"showSkybox":true,"showFlares":true,"showImageEffects":true,"showParticleSystems":true},"in2DMode":false,"pivot":{"x":39.182281494140628,"y":15.510040283203125,"z":-3.050914764404297},"rotation":{"x":-0.02138334885239601,"y":0.7662181854248047,"z":-0.025531712919473649,"w":-0.6417173147201538},"size":10.0,"orthographic":false}